class,rank,type,gene_index,score,gene_name
CD19+ B,1,top,2342,0.5562717318534851,CD79A
CD19+ B,2,top,14329,0.5527039766311646,TCL1A
CD19+ B,3,top,2343,0.4849208891391754,CD79B
CD19+ B,4,top,6294,0.4390730261802673,HLA-DRA
CD19+ B,5,top,6290,0.4280845820903778,HLA-DQA1
CD19+ B,6,top,8759,0.4043982923030853,MS4A1
CD19+ B,7,top,6291,0.3426262438297272,HLA-DQA2
CD19+ B,8,top,6296,0.3257742822170257,HLA-DRB5
CD19+ B,9,top,6289,0.3204863369464874,HLA-DPB1
CD19+ B,10,top,6288,0.3115635514259338,HLA-DPA1
CD19+ B,11,top,6295,0.2786379158496856,HLA-DRB1
CD19+ B,12,top,6292,0.2672019898891449,HLA-DQB1
CD19+ B,13,top,7975,0.258594661951065,LTB
CD19+ B,14,top,2341,0.2504745125770569,CD74
CD19+ B,15,top,6281,0.2426719069480896,HLA-A
CD19+ B,1,bottom,6769,-0.1525291800498962,IL32
CD19+ B,2,bottom,12181,-0.1470512002706527,RPL18A
CD19+ B,3,bottom,2344,-0.1415132284164428,CD7
CD19+ B,4,bottom,12205,-0.0774489268660545,RPL37
CD19+ B,5,bottom,12394,-0.0773056596517562,S100A4
CD19+ B,6,bottom,6162,-0.0764524340629577,HCST
CD19+ B,7,bottom,12194,-0.0761331394314765,RPL29
CD19+ B,8,bottom,12243,-0.0758775919675827,RPS15
CD19+ B,9,bottom,6615,-0.0731244161725044,IFITM2
CD19+ B,10,bottom,12265,-0.0672709047794342,RPS5
CD19+ B,11,bottom,4433,-0.0672053471207618,EMP3
CD19+ B,12,bottom,6576,-0.0650254264473915,ID2
CD19+ B,13,bottom,7962,-0.0639005154371261,LSP1
CD19+ B,14,bottom,7048,-0.0634184703230857,JUN
CD19+ B,15,bottom,6025,-0.0626180991530418,GSTP1
CD8+ Cytotoxic T,1,top,9358,1.202171802520752,NKG7
CD8+ Cytotoxic T,2,top,2213,0.9771038889884948,CCL5
CD8+ Cytotoxic T,3,top,5745,0.8621690273284912,GNLY
CD8+ Cytotoxic T,4,top,2352,0.6920267343521118,CD8B
CD8+ Cytotoxic T,5,top,6769,0.6360424160957336,IL32
CD8+ Cytotoxic T,6,top,6093,0.6192864775657654,GZMK
CD8+ Cytotoxic T,7,top,2344,0.4870142638683319,CD7
CD8+ Cytotoxic T,8,top,2351,0.4377121925354004,CD8A
CD8+ Cytotoxic T,9,top,3397,0.3772026002407074,CTSW
CD8+ Cytotoxic T,10,top,6090,0.3697673380374908,GZMA
CD8+ Cytotoxic T,11,top,3313,0.3662630021572113,CST7
CD8+ Cytotoxic T,12,top,6094,0.3035532534122467,GZMM
CD8+ Cytotoxic T,13,top,8005,0.299308031797409,LYAR
CD8+ Cytotoxic T,14,top,14884,0.268941193819046,TMSB10
CD8+ Cytotoxic T,15,top,7975,0.2617905735969543,LTB
CD8+ Cytotoxic T,1,bottom,12239,-0.138329342007637,RPS12
CD8+ Cytotoxic T,2,bottom,1530,-0.1190912500023841,BTF3
CD8+ Cytotoxic T,3,bottom,12242,-0.1183428913354873,RPS15A
CD8+ Cytotoxic T,4,bottom,12386,-0.1175150126218795,S100A11
CD8+ Cytotoxic T,5,bottom,6592,-0.1097329258918762,IER2
CD8+ Cytotoxic T,6,bottom,4247,-0.1003500595688819,EEF1A1
CD8+ Cytotoxic T,7,bottom,2851,-0.0983691737055778,CLIC1
CD8+ Cytotoxic T,8,bottom,12178,-0.0982450470328331,RPL15
CD8+ Cytotoxic T,9,bottom,12214,-0.0934662595391273,RPL6
CD8+ Cytotoxic T,10,bottom,2341,-0.0932976827025413,CD74
CD8+ Cytotoxic T,11,bottom,12184,-0.0890619307756424,RPL21
CD8+ Cytotoxic T,12,bottom,6294,-0.087559662759304,HLA-DRA
CD8+ Cytotoxic T,13,bottom,12177,-0.0843759477138519,RPL14
CD8+ Cytotoxic T,14,bottom,12246,-0.0827380046248436,RPS18
CD8+ Cytotoxic T,15,bottom,12210,-0.07932960242033,RPL3
CD4+/CD25 T Reg,1,top,6769,0.7226923108100891,IL32
CD4+/CD25 T Reg,2,top,12394,0.2871208488941192,S100A4
CD4+/CD25 T Reg,3,top,7681,0.2856568992137909,LGALS3
CD4+/CD25 T Reg,4,top,2328,0.2711794674396515,CD4
CD4+/CD25 T Reg,5,top,690,0.2572779059410095,ANXA1
CD4+/CD25 T Reg,6,top,14543,0.2394763231277465,TIGIT
CD4+/CD25 T Reg,7,top,7737,0.2147356867790222,LIMS1
CD4+/CD25 T Reg,8,top,7340,0.2107382416725158,KLF6
CD4+/CD25 T Reg,9,top,12386,0.198249265551567,S100A11
CD4+/CD25 T Reg,10,top,4141,0.1981238573789596,DUSP1
CD4+/CD25 T Reg,11,top,14918,0.1977600753307342,TNFRSF18
CD4+/CD25 T Reg,12,top,6295,0.1938805282115936,HLA-DRB1
CD4+/CD25 T Reg,13,top,6294,0.1695130616426468,HLA-DRA
CD4+/CD25 T Reg,14,top,14921,0.1639139801263809,TNFRSF1B
CD4+/CD25 T Reg,15,top,3102,0.1571129411458969,COTL1
CD4+/CD25 T Reg,1,bottom,4318,-0.1742613911628723,EIF1
CD4+/CD25 T Reg,2,bottom,12198,-0.1412164270877838,RPL34
CD4+/CD25 T Reg,3,bottom,6281,-0.1270439624786377,HLA-A
CD4+/CD25 T Reg,4,bottom,12242,-0.1269484162330627,RPS15A
CD4+/CD25 T Reg,5,bottom,6162,-0.120562195777893,HCST
CD4+/CD25 T Reg,6,bottom,184,-0.1201448813080787,ACTB
CD4+/CD25 T Reg,7,bottom,12280,-0.1126545071601867,RPSA
CD4+/CD25 T Reg,8,bottom,15062,-0.1046682074666023,TPT1
CD4+/CD25 T Reg,9,bottom,12173,-0.1025001034140586,RPL11
CD4+/CD25 T Reg,10,bottom,4247,-0.0950692817568779,EEF1A1
CD4+/CD25 T Reg,11,bottom,12257,-0.09273561835289,RPS27
CD4+/CD25 T Reg,12,bottom,12263,-0.0927061364054679,RPS4X
CD4+/CD25 T Reg,13,bottom,12246,-0.0905657261610031,RPS18
CD4+/CD25 T Reg,14,bottom,4254,-0.089638315141201,EEF2
CD4+/CD25 T Reg,15,bottom,12200,-0.087641566991806,RPL35
CD56+ NK,1,top,6091,1.8684041500091555,GZMB
CD56+ NK,2,top,15464,1.5689700841903689,TYROBP
CD56+ NK,3,top,5745,1.472894310951233,GNLY
CD56+ NK,4,top,5092,1.3790810108184814,FGFBP2
CD56+ NK,5,top,5017,1.361459732055664,FCGR3A
CD56+ NK,6,top,6092,1.0929234027862549,GZMH
CD56+ NK,7,top,9358,0.9933907985687256,NKG7
CD56+ NK,8,top,11104,0.9087374806404114,PRF1
CD56+ NK,9,top,3313,0.8974791169166565,CST7
CD56+ NK,10,top,6090,0.8408198952674866,GZMA
CD56+ NK,11,top,3397,0.7872027158737183,CTSW
CD56+ NK,12,top,2853,0.7171858549118042,CLIC3
CD56+ NK,13,top,6373,0.6329004764556885,HOPX
CD56+ NK,14,top,2212,0.5913972854614258,CCL4
CD56+ NK,15,top,2344,0.5546053051948547,CD7
CD56+ NK,1,bottom,6281,-0.2550832033157348,HLA-A
CD56+ NK,2,bottom,6283,-0.2196837961673736,HLA-C
CD56+ NK,3,bottom,6295,-0.2060393989086151,HLA-DRB1
CD56+ NK,4,bottom,10416,-0.1891829669475555,PFN1
CD56+ NK,5,bottom,15805,-0.1889258176088333,VIM
CD56+ NK,6,bottom,6282,-0.1874149590730667,HLA-B
CD56+ NK,7,bottom,6296,-0.1598863005638122,HLA-DRB5
CD56+ NK,8,bottom,6289,-0.1591359227895736,HLA-DPB1
CD56+ NK,9,bottom,2317,-0.1575173586606979,CD37
CD56+ NK,10,bottom,12396,-0.1481213122606277,S100A6
CD56+ NK,11,bottom,12210,-0.1362969130277633,RPL3
CD56+ NK,12,bottom,186,-0.1329931169748306,ACTG1
CD56+ NK,13,bottom,2329,-0.1323080360889434,CD52
CD56+ NK,14,bottom,12206,-0.1275658309459686,RPL38
CD56+ NK,15,bottom,1219,-0.1255033612251281,B2M
CD4+/CD45RO+ Memory,1,top,7404,0.7082725167274475,KLRB1
CD4+/CD45RO+ Memory,2,top,2328,0.5445961952209473,CD4
CD4+/CD45RO+ Memory,3,top,12386,0.4819182753562927,S100A11
CD4+/CD45RO+ Memory,4,top,690,0.4264839589595794,ANXA1
CD4+/CD45RO+ Memory,5,top,6769,0.4027960300445556,IL32
CD4+/CD45RO+ Memory,6,top,7678,0.3632824420928955,LGALS1
CD4+/CD45RO+ Memory,7,top,7737,0.2595349550247192,LIMS1
CD4+/CD45RO+ Memory,8,top,6090,0.244933620095253,GZMA
CD4+/CD45RO+ Memory,9,top,12394,0.2246461361646652,S100A4
CD4+/CD45RO+ Memory,10,top,6373,0.217455118894577,HOPX
CD4+/CD45RO+ Memory,11,top,14561,0.2027694284915924,TIMP1
CD4+/CD45RO+ Memory,12,top,7412,0.1953355222940445,KLRG1
CD4+/CD45RO+ Memory,13,top,15805,0.1909749507904052,VIM
CD4+/CD45RO+ Memory,14,top,2213,0.19094118475914,CCL5
CD4+/CD45RO+ Memory,15,top,12396,0.1873966604471206,S100A6
CD4+/CD45RO+ Memory,1,bottom,12255,-0.1870789229869842,RPS27A
CD4+/CD45RO+ Memory,2,bottom,12177,-0.1794292479753494,RPL14
CD4+/CD45RO+ Memory,3,bottom,4247,-0.1636316478252411,EEF1A1
CD4+/CD45RO+ Memory,4,bottom,12198,-0.1499119699001312,RPL34
CD4+/CD45RO+ Memory,5,bottom,12248,-0.1481752097606659,RPS19
CD4+/CD45RO+ Memory,6,bottom,12253,-0.1424742937088012,RPS25
CD4+/CD45RO+ Memory,7,bottom,12187,-0.1383504718542099,RPL23A
CD4+/CD45RO+ Memory,8,bottom,12217,-0.1368922442197799,RPL7
CD4+/CD45RO+ Memory,9,bottom,12280,-0.1244117617607116,RPSA
CD4+/CD45RO+ Memory,10,bottom,12191,-0.1127385720610618,RPL27A
CD4+/CD45RO+ Memory,11,bottom,14886,-0.1126939579844474,TMSB4X
CD4+/CD45RO+ Memory,12,bottom,5308,-0.1064246445894241,FTH1
CD4+/CD45RO+ Memory,13,bottom,12194,-0.1038844436407089,RPL29
CD4+/CD45RO+ Memory,14,bottom,12197,-0.1029453203082084,RPL32
CD4+/CD45RO+ Memory,15,bottom,12220,-0.1017505154013633,RPLP0
CD8+/CD45RA+ Naive Cytotoxic,1,top,2344,0.8345422744750977,CD7
CD8+/CD45RA+ Naive Cytotoxic,2,top,2352,0.6946974992752075,CD8B
CD8+/CD45RA+ Naive Cytotoxic,3,top,6769,0.4453372359275818,IL32
CD8+/CD45RA+ Naive Cytotoxic,4,top,6094,0.325465977191925,GZMM
CD8+/CD45RA+ Naive Cytotoxic,5,top,5308,0.3209460973739624,FTH1
CD8+/CD45RA+ Naive Cytotoxic,6,top,2351,0.2934620380401611,CD8A
CD8+/CD45RA+ Naive Cytotoxic,7,top,7644,0.2830951511859894,LDHB
CD8+/CD45RA+ Naive Cytotoxic,8,top,11396,0.2570246756076813,PTMA
CD8+/CD45RA+ Naive Cytotoxic,9,top,409,0.218722328543663,AIF1
CD8+/CD45RA+ Naive Cytotoxic,10,top,12401,0.2161159664392471,S100B
CD8+/CD45RA+ Naive Cytotoxic,11,top,6592,0.2083831131458282,IER2
CD8+/CD45RA+ Naive Cytotoxic,12,top,1531,0.1953090280294418,BTG1
CD8+/CD45RA+ Naive Cytotoxic,13,top,2615,0.1865969896316528,CFL1
CD8+/CD45RA+ Naive Cytotoxic,14,top,7046,0.176792100071907,JUNB
CD8+/CD45RA+ Naive Cytotoxic,15,top,12260,0.1688561141490936,RPS2
CD8+/CD45RA+ Naive Cytotoxic,1,bottom,12196,-0.2581868171691894,RPL31
CD8+/CD45RA+ Naive Cytotoxic,2,bottom,12184,-0.1480869799852371,RPL21
CD8+/CD45RA+ Naive Cytotoxic,3,bottom,12213,-0.1315085887908935,RPL5
CD8+/CD45RA+ Naive Cytotoxic,4,bottom,12204,-0.1302776485681533,RPL37A
CD8+/CD45RA+ Naive Cytotoxic,5,bottom,12265,-0.126487985253334,RPS5
CD8+/CD45RA+ Naive Cytotoxic,6,bottom,4141,-0.1240858286619186,DUSP1
CD8+/CD45RA+ Naive Cytotoxic,7,bottom,12192,-0.1225658059120178,RPL27
CD8+/CD45RA+ Naive Cytotoxic,8,bottom,7340,-0.1196049600839614,KLF6
CD8+/CD45RA+ Naive Cytotoxic,9,bottom,12277,-0.108535885810852,RPS7
CD8+/CD45RA+ Naive Cytotoxic,10,bottom,2851,-0.1081932187080383,CLIC1
CD8+/CD45RA+ Naive Cytotoxic,11,bottom,12261,-0.1015062853693962,RPS3A
CD8+/CD45RA+ Naive Cytotoxic,12,bottom,7737,-0.0959497466683387,LIMS1
CD8+/CD45RA+ Naive Cytotoxic,13,bottom,12217,-0.0955600142478942,RPL7
CD8+/CD45RA+ Naive Cytotoxic,14,bottom,12214,-0.093350850045681,RPL6
CD8+/CD45RA+ Naive Cytotoxic,15,bottom,12253,-0.0903672203421592,RPS25
CD14+ Monocyte,1,top,12400,0.8009718060493469,S100A9
CD14+ Monocyte,2,top,3309,0.6319310665130615,CST3
CD14+ Monocyte,3,top,12399,0.5053417682647705,S100A8
CD14+ Monocyte,4,top,5024,0.4874871969223022,FCN1
CD14+ Monocyte,5,top,14730,0.4038929045200348,TMEM176B
CD14+ Monocyte,6,top,7965,0.3778959214687347,LST1
CD14+ Monocyte,7,top,8035,0.3769561052322387,LYZ
CD14+ Monocyte,8,top,15461,0.3627167642116546,TYMP
CD14+ Monocyte,9,top,2607,0.3593339323997497,CFD
CD14+ Monocyte,10,top,11271,0.2586518228054046,PSAP
CD14+ Monocyte,11,top,12210,0.2357576638460159,RPL3
CD14+ Monocyte,12,top,6294,0.2323555052280426,HLA-DRA
CD14+ Monocyte,13,top,2276,0.2314382046461105,CD14
CD14+ Monocyte,14,top,12678,0.212026908993721,SERPINA1
CD14+ Monocyte,15,top,13657,0.2092244327068328,SPI1
CD14+ Monocyte,1,bottom,5308,-0.1392950266599655,FTH1
CD14+ Monocyte,2,bottom,12394,-0.1042427644133567,S100A4
CD14+ Monocyte,3,bottom,5310,-0.0775916054844856,FTL
CD14+ Monocyte,4,bottom,874,-0.0735316425561904,ARHGDIB
CD14+ Monocyte,5,bottom,16898,-0.0729755163192749,SLC25A6
CD14+ Monocyte,6,bottom,12279,-0.0689947381615638,RPS9
CD14+ Monocyte,7,bottom,92,-0.0689922124147415,ABI3
CD14+ Monocyte,8,bottom,6576,-0.0600756220519542,ID2
CD14+ Monocyte,9,bottom,9749,-0.0576337724924087,OAZ1
CD14+ Monocyte,10,bottom,6291,-0.0576059445738792,HLA-DQA2
CD14+ Monocyte,11,bottom,4928,-0.0540887229144573,FAU
CD14+ Monocyte,12,bottom,3473,-0.0535798296332359,CYBA
CD14+ Monocyte,13,bottom,12667,-0.0528861731290817,SERF2
CD14+ Monocyte,14,bottom,12396,-0.0520236901938915,S100A6
CD14+ Monocyte,15,bottom,12189,-0.0490227788686752,RPL24
Dendritic,1,top,8035,0.9488782286643982,LYZ
Dendritic,2,top,3309,0.7858393788337708,CST3
Dendritic,3,top,6294,0.7000659704208374,HLA-DRA
Dendritic,4,top,6291,0.4344063401222229,HLA-DQA2
Dendritic,5,top,6296,0.4074976444244385,HLA-DRB5
Dendritic,6,top,6295,0.3932873904705047,HLA-DRB1
Dendritic,7,top,6288,0.3777066171169281,HLA-DPA1
Dendritic,8,top,6290,0.3727180063724518,HLA-DQA1
Dendritic,9,top,15464,0.3582406044006347,TYROBP
Dendritic,10,top,3176,0.3536303043365478,CPVL
Dendritic,11,top,13657,0.3335606455802917,SPI1
Dendritic,12,top,6292,0.315183013677597,HLA-DQB1
Dendritic,13,top,7678,0.302523672580719,LGALS1
Dendritic,14,top,2618,0.2809376120567322,CFP
Dendritic,15,top,6289,0.2723314762115478,HLA-DPB1
Dendritic,1,bottom,5308,-0.1255619525909423,FTH1
Dendritic,2,bottom,11396,-0.1027217358350753,PTMA
Dendritic,3,bottom,6162,-0.1002113744616508,HCST
Dendritic,4,bottom,14884,-0.0977239534258842,TMSB10
Dendritic,5,bottom,3473,-0.0902192145586013,CYBA
Dendritic,6,bottom,2329,-0.0803249031305313,CD52
Dendritic,7,bottom,409,-0.0769828259944915,AIF1
Dendritic,8,bottom,10416,-0.0739806592464447,PFN1
Dendritic,9,bottom,11309,-0.0661443471908569,PSMB8
Dendritic,10,bottom,14730,-0.0623485296964645,TMEM176B
Dendritic,11,bottom,7975,-0.0606783889234066,LTB
Dendritic,12,bottom,9041,-0.0605182014405727,NACA
Dendritic,13,bottom,6616,-0.0603116266429424,IFITM3
Dendritic,14,bottom,2359,-0.0592887848615646,CDA
Dendritic,15,bottom,4318,-0.0583034120500087,EIF1
CD34+,1,top,5730,0.6093152165412903,GNG11
CD34+,2,top,13590,0.4152122139930725,SPARC
CD34+,3,top,2895,0.4006287753582001,CLU
CD34+,4,top,3309,0.3020810484886169,CST3
CD34+,5,top,10933,0.3007725179195404,PPBP
CD34+,6,top,162,0.269240528345108,ACRBP
CD34+,7,top,15400,0.2470861673355102,TUBB1
CD34+,8,top,7737,0.2466274946928024,LIMS1
CD34+,9,top,10326,0.2229716032743454,PDLIM1
CD34+,10,top,2914,0.2164573967456817,CMTM5
CD34+,11,top,13438,0.2138114720582962,SNCA
CD34+,12,top,15111,0.2124204188585281,TREML1
CD34+,13,top,9584,0.2082311809062957,NRGN
CD34+,14,top,5801,0.1954831629991531,GP9
CD34+,15,top,8631,0.1604149043560028,MPP1
CD34+,1,bottom,11396,-0.0627573877573013,PTMA
CD34+,2,bottom,7975,-0.0622242055833339,LTB
CD34+,3,bottom,6283,-0.0521027036011219,HLA-C
CD34+,4,bottom,12220,-0.0394522473216056,RPLP0
CD34+,5,bottom,6592,-0.0379183962941169,IER2
CD34+,6,bottom,5938,-0.0373851731419563,GRAP2
CD34+,7,bottom,1531,-0.0367729850113391,BTG1
CD34+,8,bottom,12237,-0.0364506356418132,RPS10
CD34+,9,bottom,7046,-0.0344450064003467,JUNB
CD34+,10,bottom,15805,-0.0343573167920112,VIM
CD34+,11,bottom,11910,-0.0342632234096527,RGS10
CD34+,12,bottom,15495,-0.0327926650643348,UBB
CD34+,13,bottom,12251,-0.0327761806547641,RPS23
CD34+,14,bottom,2615,-0.03254109993577,CFL1
CD34+,15,bottom,2344,-0.032337300479412,CD7
CD4+/CD45RA+/CD25- Naive T,1,top,2328,1.389501452445984,CD4
CD4+/CD45RA+/CD25- Naive T,2,top,2344,0.3960925042629242,CD7
CD4+/CD45RA+/CD25- Naive T,3,top,6094,0.2506585121154785,GZMM
CD4+/CD45RA+/CD25- Naive T,4,top,6684,0.2222924381494522,IGLL5
CD4+/CD45RA+/CD25- Naive T,5,top,409,0.1782345473766327,AIF1
CD4+/CD45RA+/CD25- Naive T,6,top,3309,0.1416676342487335,CST3
CD4+/CD45RA+/CD25- Naive T,7,top,9466,0.1283539235591888,NOSIP
CD4+/CD45RA+/CD25- Naive T,8,top,2761,0.1259518414735794,CIRBP
CD4+/CD45RA+/CD25- Naive T,9,top,1530,0.1258320212364196,BTF3
CD4+/CD45RA+/CD25- Naive T,10,top,6592,0.1250196546316146,IER2
CD4+/CD45RA+/CD25- Naive T,11,top,2302,0.1145106106996536,CD27
CD4+/CD45RA+/CD25- Naive T,12,top,10018,0.1120194643735885,PABPC1
CD4+/CD45RA+/CD25- Naive T,13,top,5163,0.1109225898981094,FLT3LG
CD4+/CD45RA+/CD25- Naive T,14,top,7644,0.1075871139764785,LDHB
CD4+/CD45RA+/CD25- Naive T,15,top,5601,0.106820099055767,GIMAP7
CD4+/CD45RA+/CD25- Naive T,1,bottom,12253,-0.1878654658794403,RPS25
CD4+/CD45RA+/CD25- Naive T,2,bottom,12195,-0.1732364743947982,RPL30
CD4+/CD45RA+/CD25- Naive T,3,bottom,12213,-0.1512621641159057,RPL5
CD4+/CD45RA+/CD25- Naive T,4,bottom,4250,-0.1464047133922577,EEF1D
CD4+/CD45RA+/CD25- Naive T,5,bottom,12242,-0.1452371180057525,RPS15A
CD4+/CD45RA+/CD25- Naive T,6,bottom,12217,-0.1441068649291992,RPL7
CD4+/CD45RA+/CD25- Naive T,7,bottom,12177,-0.1413343101739883,RPL14
CD4+/CD45RA+/CD25- Naive T,8,bottom,12170,-0.1366941183805465,RPL10A
CD4+/CD45RA+/CD25- Naive T,9,bottom,12187,-0.1232488900423049,RPL23A
CD4+/CD45RA+/CD25- Naive T,10,bottom,12394,-0.1210903152823448,S100A4
CD4+/CD45RA+/CD25- Naive T,11,bottom,12182,-0.1158652156591415,RPL18
CD4+/CD45RA+/CD25- Naive T,12,bottom,12222,-0.1119166016578674,RPLP2
CD4+/CD45RA+/CD25- Naive T,13,bottom,12212,-0.1111197993159294,RPL4
CD4+/CD45RA+/CD25- Naive T,14,bottom,12240,-0.1103674471378326,RPS13
CD4+/CD45RA+/CD25- Naive T,15,bottom,12203,-0.1099854856729507,RPL36
CD4+ T Helper2,1,top,9358,0.135228544473648,NKG7
CD4+ T Helper2,2,top,7404,0.1115362346172332,KLRB1
CD4+ T Helper2,3,top,5745,0.1115172728896141,GNLY
CD4+ T Helper2,4,top,6295,0.0756006613373756,HLA-DRB1
CD4+ T Helper2,5,top,7678,0.0687349066138267,LGALS1
CD4+ T Helper2,6,top,6090,0.0683826133608818,GZMA
CD4+ T Helper2,7,top,8005,0.0658939480781555,LYAR
CD4+ T Helper2,8,top,4078,0.0628375709056854,DRAP1
CD4+ T Helper2,9,top,14173,0.0592056661844253,TAGLN2
CD4+ T Helper2,10,top,15464,0.0570123046636581,TYROBP
CD4+ T Helper2,11,top,12399,0.0567427761852741,S100A8
CD4+ T Helper2,12,top,6091,0.055011224001646,GZMB
CD4+ T Helper2,13,top,12614,0.0540446601808071,SEC61B
CD4+ T Helper2,14,top,4347,0.0521165430545806,EIF4A1
CD4+ T Helper2,15,top,6288,0.0457987897098064,HLA-DPA1
CD4+ T Helper2,1,bottom,6769,-0.096183605492115,IL32
CD4+ T Helper2,2,bottom,2297,-0.064751386642456,CD247
CD4+ T Helper2,3,bottom,2344,-0.0642476752400398,CD7
CD4+ T Helper2,4,bottom,6592,-0.0631956830620765,IER2
CD4+ T Helper2,5,bottom,2321,-0.0550933517515659,CD3G
CD4+ T Helper2,6,bottom,12191,-0.0514790900051593,RPL27A
CD4+ T Helper2,7,bottom,12239,-0.0508401244878768,RPS12
CD4+ T Helper2,8,bottom,5308,-0.0475263744592666,FTH1
CD4+ T Helper2,9,bottom,12178,-0.0473843179643154,RPL15
CD4+ T Helper2,10,bottom,12187,-0.0472070761024951,RPL23A
CD4+ T Helper2,11,bottom,12205,-0.0461984574794769,RPL37
CD4+ T Helper2,12,bottom,14921,-0.0396690219640731,TNFRSF1B
CD4+ T Helper2,13,bottom,5601,-0.0387039631605148,GIMAP7
CD4+ T Helper2,14,bottom,6262,-0.0382456518709659,HINT1
CD4+ T Helper2,15,bottom,9466,-0.0333252623677253,NOSIP
