class,rank,type,gene_index,score
1,1,top,2342,0.5562717318534851
1,2,top,14329,0.5527039766311646
1,3,top,2343,0.4849208891391754
1,4,top,6294,0.43907302618026733
1,5,top,6290,0.4280845820903778
1,6,top,8759,0.4043982923030853
1,7,top,6291,0.3426262438297272
1,8,top,6296,0.32577428221702576
1,9,top,6289,0.3204863369464874
1,10,top,6288,0.31156355142593384
1,11,top,6295,0.27863791584968567
1,12,top,6292,0.2672019898891449
1,13,top,7975,0.25859466195106506
1,14,top,2341,0.2504745125770569
1,15,top,6281,0.2426719069480896
1,1,bottom,6769,-0.15252918004989624
1,2,bottom,12181,-0.14705120027065277
1,3,bottom,2344,-0.14151322841644287
1,4,bottom,12205,-0.07744892686605453
1,5,bottom,12394,-0.07730565965175629
1,6,bottom,6162,-0.07645243406295776
1,7,bottom,12194,-0.07613313943147659
1,8,bottom,12243,-0.0758775919675827
1,9,bottom,6615,-0.07312441617250443
1,10,bottom,12265,-0.0672709047794342
1,11,bottom,4433,-0.06720534712076187
1,12,bottom,6576,-0.06502542644739151
1,13,bottom,7962,-0.06390051543712616
1,14,bottom,7048,-0.06341847032308578
1,15,bottom,6025,-0.06261809915304184
8,1,top,9358,1.202171802520752
8,2,top,2213,0.9771038889884949
8,3,top,5745,0.8621690273284912
8,4,top,2352,0.6920267343521118
8,5,top,6769,0.6360424160957336
8,6,top,6093,0.6192864775657654
8,7,top,2344,0.4870142638683319
8,8,top,2351,0.4377121925354004
8,9,top,3397,0.3772026002407074
8,10,top,6090,0.36976733803749084
8,11,top,3313,0.3662630021572113
8,12,top,6094,0.3035532534122467
8,13,top,8005,0.29930803179740906
8,14,top,14884,0.268941193819046
8,15,top,7975,0.26179057359695435
8,1,bottom,12239,-0.13832934200763702
8,2,bottom,1530,-0.11909125000238419
8,3,bottom,12242,-0.11834289133548737
8,4,bottom,12386,-0.11751501262187958
8,5,bottom,6592,-0.10973292589187622
8,6,bottom,4247,-0.10035005956888199
8,7,bottom,2851,-0.09836917370557785
8,8,bottom,12178,-0.0982450470328331
8,9,bottom,12214,-0.09346625953912735
8,10,bottom,2341,-0.09329768270254135
8,11,bottom,12184,-0.0890619307756424
8,12,bottom,6294,-0.08755966275930405
8,13,bottom,12177,-0.08437594771385193
8,14,bottom,12246,-0.0827380046248436
8,15,bottom,12210,-0.07932960242033005
4,1,top,6769,0.7226923108100891
4,2,top,12394,0.28712084889411926
4,3,top,7681,0.2856568992137909
4,4,top,2328,0.2711794674396515
4,5,top,690,0.2572779059410095
4,6,top,14543,0.23947632312774658
4,7,top,7737,0.21473568677902222
4,8,top,7340,0.21073824167251587
4,9,top,12386,0.19824926555156708
4,10,top,4141,0.19812385737895966
4,11,top,14918,0.19776007533073425
4,12,top,6295,0.19388052821159363
4,13,top,6294,0.1695130616426468
4,14,top,14921,0.16391398012638092
4,15,top,3102,0.1571129411458969
4,1,bottom,4318,-0.17426139116287231
4,2,bottom,12198,-0.1412164270877838
4,3,bottom,6281,-0.1270439624786377
4,4,bottom,12242,-0.12694841623306274
4,5,bottom,6162,-0.12056219577789307
4,6,bottom,184,-0.12014488130807877
4,7,bottom,12280,-0.11265450716018677
4,8,bottom,15062,-0.10466820746660233
4,9,bottom,12173,-0.10250010341405869
4,10,bottom,4247,-0.0950692817568779
4,11,bottom,12257,-0.09273561835289001
4,12,bottom,12263,-0.09270613640546799
4,13,bottom,12246,-0.09056572616100311
4,14,bottom,4254,-0.08963831514120102
4,15,bottom,12200,-0.08764156699180603
7,1,top,6091,1.8684041500091553
7,2,top,15464,1.5689700841903687
7,3,top,5745,1.472894310951233
7,4,top,5092,1.3790810108184814
7,5,top,5017,1.361459732055664
7,6,top,6092,1.0929234027862549
7,7,top,9358,0.9933907985687256
7,8,top,11104,0.9087374806404114
7,9,top,3313,0.8974791169166565
7,10,top,6090,0.8408198952674866
7,11,top,3397,0.7872027158737183
7,12,top,2853,0.7171858549118042
7,13,top,6373,0.6329004764556885
7,14,top,2212,0.5913972854614258
7,15,top,2344,0.5546053051948547
7,1,bottom,6281,-0.25508320331573486
7,2,bottom,6283,-0.21968379616737366
7,3,bottom,6295,-0.2060393989086151
7,4,bottom,10416,-0.18918296694755554
7,5,bottom,15805,-0.1889258176088333
7,6,bottom,6282,-0.1874149590730667
7,7,bottom,6296,-0.15988630056381226
7,8,bottom,6289,-0.15913592278957367
7,9,bottom,2317,-0.15751735866069794
7,10,bottom,12396,-0.14812131226062775
7,11,bottom,12210,-0.13629691302776337
7,12,bottom,186,-0.13299311697483063
7,13,bottom,2329,-0.13230803608894348
7,14,bottom,12206,-0.12756583094596863
7,15,bottom,1219,-0.12550336122512817
6,1,top,7404,0.7082725167274475
6,2,top,2328,0.5445961952209473
6,3,top,12386,0.4819182753562927
6,4,top,690,0.42648395895957947
6,5,top,6769,0.40279603004455566
6,6,top,7678,0.3632824420928955
6,7,top,7737,0.25953495502471924
6,8,top,6090,0.244933620095253
6,9,top,12394,0.22464613616466522
6,10,top,6373,0.21745511889457703
6,11,top,14561,0.2027694284915924
6,12,top,7412,0.1953355222940445
6,13,top,15805,0.19097495079040527
6,14,top,2213,0.19094118475914001
6,15,top,12396,0.18739666044712067
6,1,bottom,12255,-0.18707892298698425
6,2,bottom,12177,-0.17942924797534943
6,3,bottom,4247,-0.1636316478252411
6,4,bottom,12198,-0.14991196990013123
6,5,bottom,12248,-0.1481752097606659
6,6,bottom,12253,-0.14247429370880127
6,7,bottom,12187,-0.1383504718542099
6,8,bottom,12217,-0.13689224421977997
6,9,bottom,12280,-0.12441176176071167
6,10,bottom,12191,-0.11273857206106186
6,11,bottom,14886,-0.11269395798444748
6,12,bottom,5308,-0.10642464458942413
6,13,bottom,12194,-0.10388444364070892
6,14,bottom,12197,-0.10294532030820847
6,15,bottom,12220,-0.10175051540136337
9,1,top,2344,0.8345422744750977
9,2,top,2352,0.6946974992752075
9,3,top,6769,0.4453372359275818
9,4,top,6094,0.32546597719192505
9,5,top,5308,0.3209460973739624
9,6,top,2351,0.29346203804016113
9,7,top,7644,0.2830951511859894
9,8,top,11396,0.2570246756076813
9,9,top,409,0.21872232854366302
9,10,top,12401,0.21611596643924713
9,11,top,6592,0.20838311314582825
9,12,top,1531,0.19530902802944183
9,13,top,2615,0.18659698963165283
9,14,top,7046,0.17679210007190704
9,15,top,12260,0.16885611414909363
9,1,bottom,12196,-0.25818681716918945
9,2,bottom,12184,-0.14808697998523712
9,3,bottom,12213,-0.13150858879089355
9,4,bottom,12204,-0.13027764856815338
9,5,bottom,12265,-0.12648798525333405
9,6,bottom,4141,-0.12408582866191864
9,7,bottom,12192,-0.12256580591201782
9,8,bottom,7340,-0.11960496008396149
9,9,bottom,12277,-0.10853588581085205
9,10,bottom,2851,-0.10819321870803833
9,11,bottom,12261,-0.10150628536939621
9,12,bottom,7737,-0.09594974666833878
9,13,bottom,12217,-0.09556001424789429
9,14,bottom,12214,-0.093350850045681
9,15,bottom,12253,-0.09036722034215927
0,1,top,12400,0.8009718060493469
0,2,top,3309,0.6319310665130615
0,3,top,12399,0.5053417682647705
0,4,top,5024,0.48748719692230225
0,5,top,14730,0.4038929045200348
0,6,top,7965,0.37789592146873474
0,7,top,8035,0.37695610523223877
0,8,top,15461,0.36271676421165466
0,9,top,2607,0.35933393239974976
0,10,top,11271,0.25865182280540466
0,11,top,12210,0.23575766384601593
0,12,top,6294,0.2323555052280426
0,13,top,2276,0.23143820464611053
0,14,top,12678,0.212026908993721
0,15,top,13657,0.20922443270683289
0,1,bottom,5308,-0.13929502665996552
0,2,bottom,12394,-0.10424276441335678
0,3,bottom,5310,-0.07759160548448563
0,4,bottom,874,-0.07353164255619049
0,5,bottom,16898,-0.0729755163192749
0,6,bottom,12279,-0.06899473816156387
0,7,bottom,92,-0.06899221241474152
0,8,bottom,6576,-0.06007562205195427
0,9,bottom,9749,-0.05763377249240875
0,10,bottom,6291,-0.05760594457387924
0,11,bottom,4928,-0.05408872291445732
0,12,bottom,3473,-0.05357982963323593
0,13,bottom,12667,-0.052886173129081726
0,14,bottom,12396,-0.052023690193891525
0,15,bottom,12189,-0.04902277886867523
10,1,top,8035,0.9488782286643982
10,2,top,3309,0.7858393788337708
10,3,top,6294,0.7000659704208374
10,4,top,6291,0.4344063401222229
10,5,top,6296,0.4074976444244385
10,6,top,6295,0.39328739047050476
10,7,top,6288,0.3777066171169281
10,8,top,6290,0.3727180063724518
10,9,top,15464,0.35824060440063477
10,10,top,3176,0.35363030433654785
10,11,top,13657,0.33356064558029175
10,12,top,6292,0.31518301367759705
10,13,top,7678,0.302523672580719
10,14,top,2618,0.2809376120567322
10,15,top,6289,0.27233147621154785
10,1,bottom,5308,-0.12556195259094238
10,2,bottom,11396,-0.10272173583507538
10,3,bottom,6162,-0.10021137446165085
10,4,bottom,14884,-0.09772395342588425
10,5,bottom,3473,-0.09021921455860138
10,6,bottom,2329,-0.08032490313053131
10,7,bottom,409,-0.07698282599449158
10,8,bottom,10416,-0.0739806592464447
10,9,bottom,11309,-0.06614434719085693
10,10,bottom,14730,-0.06234852969646454
10,11,bottom,7975,-0.0606783889234066
10,12,bottom,9041,-0.06051820144057274
10,13,bottom,6616,-0.06031162664294243
10,14,bottom,2359,-0.059288784861564636
10,15,bottom,4318,-0.058303412050008774
2,1,top,5730,0.6093152165412903
2,2,top,13590,0.4152122139930725
2,3,top,2895,0.4006287753582001
2,4,top,3309,0.30208104848861694
2,5,top,10933,0.3007725179195404
2,6,top,162,0.26924052834510803
2,7,top,15400,0.24708616733551025
2,8,top,7737,0.24662749469280243
2,9,top,10326,0.2229716032743454
2,10,top,2914,0.21645739674568176
2,11,top,13438,0.2138114720582962
2,12,top,15111,0.21242041885852814
2,13,top,9584,0.20823118090629578
2,14,top,5801,0.19548316299915314
2,15,top,8631,0.1604149043560028
2,1,bottom,11396,-0.06275738775730133
2,2,bottom,7975,-0.06222420558333397
2,3,bottom,6283,-0.0521027036011219
2,4,bottom,12220,-0.03945224732160568
2,5,bottom,6592,-0.037918396294116974
2,6,bottom,5938,-0.03738517314195633
2,7,bottom,1531,-0.03677298501133919
2,8,bottom,12237,-0.03645063564181328
2,9,bottom,7046,-0.034445006400346756
2,10,bottom,15805,-0.03435731679201126
2,11,bottom,11910,-0.03426322340965271
2,12,bottom,15495,-0.03279266506433487
2,13,bottom,12251,-0.032776180654764175
2,14,bottom,2615,-0.032541099935770035
2,15,bottom,2344,-0.03233730047941208
5,1,top,2328,1.3895014524459839
5,2,top,2344,0.3960925042629242
5,3,top,6094,0.2506585121154785
5,4,top,6684,0.2222924381494522
5,5,top,409,0.1782345473766327
5,6,top,3309,0.14166763424873352
5,7,top,9466,0.12835392355918884
5,8,top,2761,0.1259518414735794
5,9,top,1530,0.12583202123641968
5,10,top,6592,0.12501965463161469
5,11,top,2302,0.11451061069965363
5,12,top,10018,0.11201946437358856
5,13,top,5163,0.11092258989810944
5,14,top,7644,0.10758711397647858
5,15,top,5601,0.10682009905576706
5,1,bottom,12253,-0.1878654658794403
5,2,bottom,12195,-0.17323647439479828
5,3,bottom,12213,-0.15126216411590576
5,4,bottom,4250,-0.1464047133922577
5,5,bottom,12242,-0.14523711800575256
5,6,bottom,12217,-0.14410686492919922
5,7,bottom,12177,-0.14133431017398834
5,8,bottom,12170,-0.13669411838054657
5,9,bottom,12187,-0.12324889004230499
5,10,bottom,12394,-0.12109031528234482
5,11,bottom,12182,-0.11586521565914154
5,12,bottom,12222,-0.11191660165786743
5,13,bottom,12212,-0.11111979931592941
5,14,bottom,12240,-0.11036744713783264
5,15,bottom,12203,-0.10998548567295074
3,1,top,9358,0.13522854447364807
3,2,top,7404,0.11153623461723328
3,3,top,5745,0.1115172728896141
3,4,top,6295,0.07560066133737564
3,5,top,7678,0.06873490661382675
3,6,top,6090,0.0683826133608818
3,7,top,8005,0.06589394807815552
3,8,top,4078,0.06283757090568542
3,9,top,14173,0.059205666184425354
3,10,top,15464,0.05701230466365814
3,11,top,12399,0.056742776185274124
3,12,top,6091,0.05501122400164604
3,13,top,12614,0.054044660180807114
3,14,top,4347,0.05211654305458069
3,15,top,6288,0.04579878970980644
3,1,bottom,6769,-0.09618360549211502
3,2,bottom,2297,-0.06475138664245605
3,3,bottom,2344,-0.06424767524003983
3,4,bottom,6592,-0.06319568306207657
3,5,bottom,2321,-0.05509335175156593
3,6,bottom,12191,-0.05147909000515938
3,7,bottom,12239,-0.05084012448787689
3,8,bottom,5308,-0.04752637445926666
3,9,bottom,12178,-0.047384317964315414
3,10,bottom,12187,-0.047207076102495193
3,11,bottom,12205,-0.04619845747947693
3,12,bottom,14921,-0.03966902196407318
3,13,bottom,5601,-0.03870396316051483
3,14,bottom,6262,-0.03824565187096596
3,15,bottom,9466,-0.03332526236772537
